Task,User,Terms Used,Query States,Observations,OISS,Code,OISS Domain,Verbalization
1,User_1,mass weight volume density,Initial State (IS),,Control,C2 ,Behavioral,1
,,,,,"Selection of the
main ideas",SMI2 ,Metacognitive ,1
,,,,,"Selection of the
main ideas",SMI7 ,Metacognitive ,0
,,what is density,Word Substitution (WS),changed to a question,Trial and error,TE1 ,Procedural ,1
,,,,,Purposeful Thinking,PT1,Metacognitive ,1
,,what is density of materials AND physics,Specialization (SC),,Control,C7 ,Behavioral,1
,,,,,"Selection of the
main ideas",SMI7 ,Metacognitive ,1
,,,,,Evaluation,E1 ,Metacognitive ,0
,,what is volume of materials AND physics,Word Substitution (WS),"changed one word, but this word changed the search's subject",Control,C7 ,Behavioral,0
,,,,,"Selection of the
main ideas",SMI2 ,Metacognitive ,1
,,,,,"Selection of the
main ideas",SMI7 ,Metacognitive ,0
,,,,,Evaluation,E3 ,Metacognitive ,0
2,User_1,what are the bones of the human body,Initial State (IS),,Control,C1 ,Behavioral,1
,,,,,"Selection of the
main ideas",SMI2 ,Metacognitive ,1
,,,,,Purposeful Thinking,PT1,Metacognitive ,1
,,,,,"Selection of the
main ideas",SMI6 ,Metacognitive ,0
,,,,,Evaluation,E3 ,Metacognitive ,1
,,what are the muscles of the human body,Word Substitution (WS),changed the search's subject,Trial and error,TE1 ,Procedural ,1
,,,,,"Selection of the
main ideas",SMI2 ,Metacognitive ,0
,,,,,"Selection of the
main ideas",SMI6 ,Metacognitive ,0
,,,,,Evaluation,E3 ,Metacognitive ,1
,,moving joints of the human body,Word Substitution (WS),changed the search's subject,Trial and error,TE1 ,Procedural ,1
,,,,,"Selection of the
main ideas",SMI2 ,Metacognitive ,1
,,articulations of the human body,Word Substitution (WS),,"Selection of the
main ideas",SMI3 ,Metacognitive ,1
,,,,,"Selection of the
main ideas",SMI6 ,Metacognitive ,0
,,,,,Evaluation,E3 ,Metacognitive ,1
3,User_1,prosthesis,Initial State (IS),,Control,C2 ,Behavioral,0
,,,,,"Selection of the
main ideas",SMI6 ,Metacognitive ,0
,,relationships between prostheses and movable joints,Specialization (SC),from a single word to a question about relationship,Purposeful Thinking,PT1,Metacognitive ,1
,,,,,"Selection of the
main ideas",SMI6 ,Metacognitive ,0
,,prosthesis,Return State (RS),,"Selection of the
main ideas",SMI1 ,Metacognitive ,1
,,,,,"Selection of the
main ideas",SMI6 ,Metacognitive ,0
,,bone joints AND prostheses,Specialization (SC),,Control,C7 ,Behavioral,1
,,,,,"Selection of the
main ideas",SMI6 ,Metacognitive ,0
,,,,,"Selection of the
main ideas",SMI7 ,Metacognitive ,0
,,,,,Evaluation,E2 ,Metacognitive ,0
,,,,,Evaluation,E3 ,Metacognitive ,0
,,arthroplasty,Related (RE),,Trial and error,TE1 ,Procedural ,1
,,,,,"Selection of the
main ideas",SMI1 ,Metacognitive ,1
,,,,,Evaluation,E3 ,Metacognitive ,0
1,User_2,weight,Initial State (IS),,Control,C1 ,Behavioral,0
,,,,,"Selection of the
main ideas",SMI2 ,Metacognitive ,1
,,,,,"Selection of the
main ideas",SMI6 ,Metacognitive ,0
,,,,,Control,C8,Behavioral,1
,,density,New (NW),,Trial and error,TE1 ,Procedural ,1
,,,,,"Selection of the
main ideas",SMI2 ,Metacognitive ,1
,,,,,Control,C8,Behavioral,1
,,,,,"Selection of the
main ideas",SMI8 ,Metacognitive ,1
,,,,,"Selection of the
main ideas",SMI7 ,Metacognitive ,0
,,,,,Evaluation,E3 ,Metacognitive ,0
,,,,,Control,C6,Behavioral,0
,,volume,New (NW),,Trial and error,TE1 ,Procedural ,1
,,,,,"Selection of the
main ideas",SMI2 ,Metacognitive ,1
,,mass,New (NW),,Control,C8,Behavioral,1
,,,,,Trial and error,TE1 ,Procedural ,1
,,,,,"Selection of the
main ideas",SMI2 ,Metacognitive ,1
,,physical mass,Specialization (SC),,Purposeful Thinking,PT1,Metacognitive ,1
,,,,,Control,C8,Behavioral,1
,,mass weight density volume,Word Substitution (WS),included more words,Trial and error,TE1 ,Procedural ,1
,,,,,"Selection of the
main ideas",SMI2 ,Metacognitive ,1
,,,,,Evaluation,E3 ,Metacognitive ,1
2,User_2,osseous and muscular system,Initial State (IS),,Control,C1 ,Behavioral,0
,,,,,"Selection of the
main ideas",SMI2 ,Metacognitive ,1
,,,,,Purposeful Thinking,PT1,Metacognitive ,1
,,,,,Trial and error,TE3 ,Procedural ,1
,,,,,Evaluation,E2 ,Metacognitive ,0
,,,,,Evaluation,E3 ,Metacognitive ,1
,,,,,Control,C6,Behavioral,1
,,,,,Control,C8,Behavioral,1
,,,,,Evaluation,E3 ,Metacognitive ,0
,,articular system,Word Substitution (WS),"used less words, but it changed the search's subject",Trial and error,TE1 ,Procedural ,1
,,,,,"Selection of the
main ideas",SMI2 ,Metacognitive ,1
,,,,,"Selection of the
main ideas",SMI5 ,Metacognitive ,0
,,articular system,Repeat (RP),,Purposeful Thinking,PT4,Metacognitive ,1
,,,,,"Selection of the
main ideas",SMI4 ,Metacognitive ,1
,,,,,"Selection of the
main ideas",SMI5 ,Metacognitive ,1
,,,,,"Selection of the
main ideas",SMI6 ,Metacognitive ,0
,,,,,Evaluation,E1 ,Metacognitive ,0
,,,,,Evaluation,E3 ,Metacognitive ,0
3,User_2,joint prosthesis,Initial State (IS),,Control,C1 ,Behavioral,0
,,,,,Control,C8,Behavioral,0
,,leg prosthesis,Word Substitution (WS),,Trial and error,TE1 ,Procedural ,1
,,,,,Purposeful Thinking,PT1,Metacognitive ,1
,,,,,Evaluation,E3 ,Metacognitive ,0
,,joint prosthesis,Return State (RS),,Trial and error,TE1 ,Procedural ,1
,,,,,Purposeful Thinking,PT1,Metacognitive ,1
,,,,,"Selection of the
main ideas",SMI5 ,Metacognitive ,0
,,,,,"Selection of the
main ideas",SMI6 ,Metacognitive ,0
,,joint prosthesis,Repeat (RP),,"Selection of the
main ideas",SMI1 ,Metacognitive ,1
,,,,,Purposeful Thinking,PT4,Metacognitive ,1
,,,,,"Selection of the
main ideas",SMI4 ,Metacognitive ,0
,,,,,Evaluation,E3 ,Metacognitive ,0
,,joint prosthesis experience,Specialization (SC),,Purposeful Thinking,PT1,Metacognitive ,1
,,,,,"Selection of the
main ideas",SMI5 ,Metacognitive ,0
,,joint prosthesis before and after,Word Substitution (WS),,Control,C8,Behavioral,1
,,,,,"Selection of the
main ideas",SMI5 ,Metacognitive ,0
,,,,,Evaluation,E3 ,Metacognitive ,0
,,joint prosthesis yahoo answers,Word Substitution (WS),changed the search query from retrieve a situation to a specific website,"Selection of the
main ideas",SMI1 ,Metacognitive ,1
,,arthroplasty,Related (RE),,Trial and error,TE1 ,Procedural ,1
,,,,,Purposeful Thinking,PT4,Metacognitive ,0
,,,,,"Selection of the
main ideas",SMI4 ,Metacognitive ,0
,,,,,Evaluation,E3 ,Metacognitive ,0
,,recovery arthroplasty,Specialization (SC),,Purposeful Thinking,PT1,Metacognitive ,1
,,,,,Purposeful Thinking,PT4,Metacognitive ,0
,,,,,"Selection of the
main ideas",SMI4 ,Metacognitive ,0
,,"""recovery arthroplasty""",Repeat (RP),decides to filter the retrived results by adding quote's signs,Control,C10 ,Behavioral,1
,,,,,Purposeful Thinking,PT4,Metacognitive ,0
,,,,,"Selection of the
main ideas",SMI4 ,Metacognitive ,1
,,total recovery arthroplasty,Specialization (SC),,Purposeful Thinking,PT4,Metacognitive ,1
,,,,,"Selection of the
main ideas",SMI4 ,Metacognitive ,0
,,arthroplasty restore strength,Word Substitution (WS),changed some words to new words with related meaning,Purposeful Thinking,PT4,Metacognitive ,1
,,,,,"Selection of the
main ideas",SMI4 ,Metacognitive ,0
,,arthroplasty restore strength,,,Control,C2 ,Behavioral,1
,,,,,"Selection of the
main ideas",SMI6 ,Metacognitive ,0
,,,,,Evaluation,E3 ,Metacognitive ,0
,,,,,Control,C6,Behavioral,0
,,arthroplasty,Generalization (GE),,"Selection of the
main ideas",SMI1 ,Metacognitive ,0
,,,,,Disorientation,D4 ,Behavioral,1
,,,,,Evaluation,E1 ,Metacognitive ,0
,,,,,Evaluation,E3 ,Metacognitive ,1
1,User_3,newton second law weight,Initial State (IS),,Control,C1 ,Behavioral,0
,,,,,"Selection of the
main ideas",SMI2 ,Metacognitive ,1
,,,,,"Selection of the
main ideas",SMI6 ,Metacognitive ,1
,,,,,Evaluation,E3 ,Metacognitive ,1
,,,,,Control,C6,Behavioral,1
,,newton second law concept weight,Specialization (SC),,Purposeful Thinking,PT1,Metacognitive ,1
,,,,,Trial and error,TE3 ,Procedural ,0
,,,,,Evaluation,E2 ,Metacognitive ,1
,,,,,Evaluation,E3 ,Metacognitive ,0
,,concept density,Word Substitution (WS),"used less words, but it changed the search's subject",Trial and error,TE1 ,Procedural ,1
,,,,,"Selection of the
main ideas",SMI2 ,Metacognitive ,1
,,,,,"Selection of the
main ideas",SMI3 ,Metacognitive ,1
,,,,,Trial and error,TE3 ,Procedural ,0
,,,,,Evaluation,E2 ,Metacognitive ,1
,,,,,Evaluation,E3 ,Metacognitive ,0
2,User_3,muscles and bones of the human body,Initial State (IS),,Control,C1 ,Behavioral,0
,,,,,"Selection of the
main ideas",SMI2 ,Metacognitive ,1
,,,,,Purposeful Thinking,PT1,Metacognitive ,1
,,,,,Trial and error,TE3 ,Procedural ,0
,,,,,Control,C8,Behavioral,1
,,,,,Control,C9,Behavioral,0
,,,,,"Selection of the
main ideas",SMI6 ,Metacognitive ,0
,,,,,Evaluation,E2 ,Metacognitive ,1
,,,,,Evaluation,E3 ,Metacognitive ,0
,,movable joints,New (NW),,Trial and error,TE1 ,Procedural ,1
,,,,,"Selection of the
main ideas",SMI2 ,Metacognitive ,1
,,,,,Purposeful Thinking,PT1,Metacognitive ,1
,,,,,Control,C8,Behavioral,0
,,,,,Trial and error,TE3 ,Procedural ,1
,,,,,"Selection of the
main ideas",SMI5 ,Metacognitive ,0
,,,,,Evaluation,E2 ,Metacognitive ,1
,,,,,Evaluation,E3 ,Metacognitive ,0
3,User_3,prostheses movable joints,Initial State (IS),,Control,C1 ,Behavioral,0
,,,,,Control,C8,Behavioral,1
,,,,,Trial and error,TE3 ,Procedural ,1
,,,,,"Selection of the
main ideas",SMI5 ,Metacognitive ,1
,,,,,"Selection of the
main ideas",SMI6 ,Metacognitive ,0
,,,,,"Selection of the
main ideas",SMI7 ,Metacognitive ,1
,,,,,Evaluation,E1 ,Metacognitive ,1
,,pianist glove,Related (RE),news article about a pianist using a muscle prosthetic glove,Trial and error,TE1 ,Procedural ,1
,,,,,Purposeful Thinking,PT1,Metacognitive ,1
,,,,,Trial and error,TE3 ,Procedural ,1
,,,,,"Selection of the
main ideas",SMI5 ,Metacognitive ,1
,,,,,Evaluation,E2 ,Metacognitive ,1
,,,,,Evaluation,E3 ,Metacognitive ,1
,,prosthesis concept,Related (RE),filtered the results to conceptual documents,Trial and error,TE1 ,Procedural ,1
,,,,,Purposeful Thinking,PT1,Metacognitive ,1
,,,,,Trial and error,TE3 ,Procedural ,1
,,,,,Control,C9,Behavioral,0
,,,,,"Selection of the
main ideas",SMI5 ,Metacognitive ,0
,,,,,Evaluation,E2 ,Metacognitive ,1
,,,,,Evaluation,E3 ,Metacognitive ,1
1,User_4,"weight, mass, volume and density",Initial State (IS),,Control,C1 ,Behavioral,0
,,,,,"Selection of the
main ideas",SMI2 ,Metacognitive ,1
,,"weight, mass, volume and density wikipedia",Specialization (SC),specified to get a particular result,Purposeful Thinking,PT1,Metacognitive ,1
,,,,,Trial and error,TE3 ,,0
,,,,,"Selection of the
main ideas",SMI1 ,Metacognitive ,1
,,,,,Evaluation,E2 ,Metacognitive ,1
,,,,,Evaluation,E3 ,Metacognitive ,1
2,User_4,biggest human bones,Initial State (IS),,Control,C1 ,Behavioral,0
,,,,,"Selection of the
main ideas",SMI2 ,Metacognitive ,1
,,,,,Purposeful Thinking,PT1,Metacognitive ,1
,,,,,Control,C6,Behavioral,1
,,,,,Evaluation,E2 ,Metacognitive ,1
,,,,,Evaluation,E3 ,Metacognitive ,1
,,largest human body bones,Word Substitution (WS),included more words,"Selection of the
main ideas",SMI3 ,Metacognitive ,1
,,,,,Purposeful Thinking,PT1,Metacognitive ,1
,,,,,Control,C8,Behavioral,1
,,,,,"Selection of the
main ideas",SMI5 ,Metacognitive ,1
,,,,,Evaluation,E2 ,Metacognitive ,0
,,,,,Evaluation,E3 ,Metacognitive ,0
,,infographic largest human body bones,Specialization (SC),specification of a document type,Purposeful Thinking,PT1,Metacognitive ,1
,,,,,Evaluation,E2 ,Metacognitive ,0
,,,,,Evaluation,E3 ,Metacognitive ,0
,,,,,Control,C6,Behavioral,0
,,largest human body bones,Generalization (GE),returned to a previous query,Control,C8,Behavioral,0
,,,,,"Selection of the
main ideas",SMI2 ,Metacognitive ,0
,,,,,Evaluation,E3 ,Metacognitive ,0
,,second largest human body bones,Specialization (SC),,Purposeful Thinking,PT1,Metacognitive ,1
,,,,,Evaluation,E3 ,Metacognitive ,0
,,,,,Control,C6,Behavioral,0
,,largest human body bones,Generalization (GE),returned to a previous query,"Selection of the
main ideas",SMI2 ,Metacognitive ,0
,,,,,"Selection of the
main ideas",SMI6 ,Metacognitive ,0
,,,,,Evaluation,E2 ,Metacognitive ,0
,,,,,Evaluation,E3 ,Metacognitive ,1
,,The Top Ten: Longest Bones in the Human Body,Word Substitution (WS),included more words,"Selection of the
main ideas",SMI2 ,Metacognitive ,0
,,,,,Purposeful Thinking,PT1,Metacognitive ,0
,,The Top Ten: muscles,Word Substitution (WS),changed search's subject,"Selection of the
main ideas",SMI2 ,Metacognitive ,1
,,,,,Purposeful Thinking,PT1,Metacognitive ,1
,,,,,"Selection of the
main ideas",SMI6 ,Metacognitive ,0
,,,,,Evaluation,E2 ,Metacognitive ,0
,,,,,Evaluation,E3 ,Metacognitive ,1
,,,,,Control,C8,Behavioral,1
,,largest muscles in the body,Word Substitution (WS),from recommendation system,"Selection of the
main ideas",SMI3 ,Metacognitive ,1
,,,,,"Selection of the
main ideas",SMI5 ,Metacognitive ,1
,,,,,"Selection of the
main ideas",SMI6 ,Metacognitive ,0
,,,,,Evaluation,E3 ,Metacognitive ,1
,,latissimus dorsi,Related (RE),,Control,C2 ,Behavioral,1
,,,,,Trial and error,TE1 ,Procedural ,0
,,,,,Purposeful Thinking,PT1,Metacognitive ,0
,,pectoralis major,Related (RE),,Control,C8,Behavioral,1
,,,,,Trial and error,TE1 ,Procedural ,0
,,,,,Purposeful Thinking,PT1,Metacognitive ,0
,,deltoid,Related (RE),,Control,C8,Behavioral,1
,,,,,Trial and error,TE1 ,Procedural ,0
,,,,,Purposeful Thinking,PT1,Metacognitive ,0
,,brachialis,Related (RE),,Control,C8,Behavioral,1
,,,,,Trial and error,TE1 ,Procedural ,0
,,,,,Purposeful Thinking,PT1,Metacognitive ,0
,,brachioradialis,Related (RE),,Control,C8,Behavioral,1
,,,,,Trial and error,TE1 ,Procedural ,0
,,,,,Purposeful Thinking,PT1,Metacognitive ,0
,,quadriceps femoris,Related (RE),,Control,C8,Behavioral,1
,,,,,Trial and error,TE1 ,Procedural ,0
,,,,,Purposeful Thinking,PT1,Metacognitive ,0
,,iliopsoas,Related (RE),,Control,C8,Behavioral,1
,,,,,Trial and error,TE1 ,Procedural ,0
,,,,,Purposeful Thinking,PT1,Metacognitive ,0
,,sartorius,Related (RE),,Control,C8,Behavioral,1
,,,,,Trial and error,TE1 ,Procedural ,0
,,,,,Purposeful Thinking,PT1,Metacognitive ,0
,,movable joints,New (NW),,Control,C2 ,Behavioral,0
,,,,,Trial and error,TE1 ,Procedural ,1
,,,,,Purposeful Thinking,PT1,Metacognitive ,1
,,,,,"Selection of the
main ideas",SMI6 ,Metacognitive ,0
,,,,,Evaluation,E3 ,Metacognitive ,1
,,movable joints examples,Specialization (SC),,Purposeful Thinking,PT1,Metacognitive ,1
,,,,,Control,C8,Behavioral,1
,,,,,"Selection of the
main ideas",SMI5 ,Metacognitive ,1
,,,,,"Selection of the
main ideas",SMI6 ,Metacognitive ,0
,,,,,Evaluation,E3 ,Metacognitive ,1
3,User_4,protesis limb,Initial State (IS),,Control,C1 ,Behavioral,0
,,,,,Control,C8,Behavioral,0
,,prosthesis limb,Repeat (RP),from recommendation system,"Selection of the
main ideas",SMI3 ,Metacognitive ,1
,,,,,"Selection of the
main ideas",SMI5 ,Metacognitive ,0
,,,,,Evaluation,E3 ,Metacognitive ,0
,,prosthesis limb for movable joints,Specialization (SC),,"Selection of the
main ideas",SMI2 ,Metacognitive ,1
,,,,,Purposeful Thinking,PT1,Metacognitive ,1
,,,,,"Selection of the
main ideas",SMI5 ,Metacognitive ,1
,,,,,"Selection of the
main ideas",SMI6 ,Metacognitive ,0
,,,,,Evaluation,E2 ,Metacognitive ,0
,,,,,Evaluation,E3 ,Metacognitive ,1
1,User_5,"mass, weight, volume and density",Initial State (IS),Google search engine,Control,C1,Behavioral,1
,,,,Hit Google's I'm Feeling Lucky button,Control,C10,Behavioral,0
,,,,,Select Main Ideas,SMI4,Metacognitive,1
,,,,,Select Main Ideas,SMI6,Metacognitive,0
,,,,,Select Main Ideas,SMI7,Metacognitive,1
,,,,,Evaluation,E4,Metacognitive,0
,,,,,Control,C6,Behavioral,1
,,,,,Select Main Ideas,SMI4,Metacognitive,0
,,,,,Select Main Ideas,SMI6,Metacognitive,0
,,,,,Select Main Ideas,SMI7,Metacognitive,0
,,,,,Evaluation,E3,Metacognitive,0
,,,,,Evaluation,E4,Metacognitive,0
2,User_5,main bones of the human body,Initial State (IS),Search from Chrome's address bar,Control,C4,Behavioral,1
,,,,,Select Main Ideas,SMI2,Metacognitive,0
,,,,,Select Main Ideas,SMI4,Metacognitive,1
,,,,,Select Main Ideas,SMI6,Metacognitive,0
,,,,,Control,C6,Behavioral,0
,,biggest bones in the human body,Word Substitution (WS),Search from Chrome's address bar,Control,C4,Behavioral,1
,,,,,Trial and Error,TE1,Procedural,0
,,,,,Select Main Ideas,SMI4,Metacognitive,1
,,,,,Select Main Ideas,SMI6,Metacognitive,1
,,,,,Select Main Ideas,SMI7,Metacognitive,0
,,,,,Evaluation,E3,Metacognitive,1
,,main muscles of the human body,Word Substitution (WS),Search from Chrome's address bar,Control,C4,Behavioral,1
,,,,,Select Main Ideas,SMI2,Metacognitive,0
,,,,,Select Main Ideas,SMI4,Metacognitive,1
,,,,,Select Main Ideas,SMI6,Metacognitive,0
,,,,,Select Main Ideas,SMI8,Metacognitive,1
,,,,,Evaluation,E3,Metacognitive,1
,,,,,Trial and Error,TE3,Procedural,1
,,,,,Select Main Ideas,SMI6,Metacognitive,0
,,,,,Evaluation,E2,Metacognitive,0
,,,,,Evaluation,E3,Metacognitive,1
,,pairs of movable junction of the human body,Word Substitution (WS),Search from Chrome's address bar,Control,C4,Behavioral,0
,,,,,Select Main Ideas,SMI2,Metacognitive,0
,,,,,Select Main Ideas,SMI4,Metacognitive,1
,,,,,Select Main Ideas,SMI6,Metacognitive,0
,,,,,Evaluation,E3,Metacognitive,1
,,,,,Control,C6,Behavioral,0
,,,,,Trial and Error,TE3,Procedural,1
,,,,,Select Main Ideas,SMI6,Metacognitive,0
,,,,,Evaluation,E3,Metacognitive,1
,,,,,Control,C6,Behavioral,0
,,,,,Trial and Error,TE3,Procedural,1
,,,,,Select Main Ideas,SMI6,Metacognitive,0
,,,,,Select Main Ideas,SMI8,Metacognitive,0
,,,,,Control,C6,Behavioral,1
,,pairs of movable joint of the human body,Word Substitution (WS),,Select Main Ideas,SMI2,Metacognitive,1
,,,,Evaluated the SERP,Evaluation,E3,Metacognitive,0
,,"pairs of ""movable joint"" of the human body",Repeat (RP),,Problem-Solving,PS1,Procedural,1
,,,,,Purposeful Thinking,PT1,Metacognitive,1
,,,,,Select Main Ideas,SMI4,Metacognitive,1
,,,,,Select Main Ideas,SMI8,Metacognitive,1
,,,,,Select Main Ideas,SMI7,Metacognitive,0
,,,,,Control,C6,Behavioral,0
,,,,Clicked at the second SERP,Select Main Ideas,SMI4,Metacognitive,1
,,,,Opend up a Word document from the SERP's link,Select Main Ideas,SMI6,Metacognitive,0
,,,,,Select Main Ideas,SMI8,Metacognitive,1
,,knee joint,Word Substitution (WS),,Select Main Ideas,SMI2,Metacognitive,1
,,,,,Purposeful Thinking,PT3,Metacognitive,0
,,,,,Select Main Ideas,SMI4,Metacognitive,1
,,,,,Select Main Ideas,SMI6,Metacognitive,0
,,,,,Select Main Ideas,SMI7,Metacognitive,0
,,elbow joint,Word Substitution (WS),,Select Main Ideas,SMI2,Metacognitive,1
,,,,,Select Main Ideas,SMI4,Metacognitive,0
,,,,,Select Main Ideas,SMI6,Metacognitive,0
,,,,,Select Main Ideas,SMI7,Metacognitive,1
,,foot joint,Word Substitution (WS),,Select Main Ideas,SMI2,Metacognitive,1
,,,,,Select Main Ideas,SMI4,Metacognitive,1
,,,,,Select Main Ideas,SMI6,Metacognitive,0
,,,,,Select Main Ideas,SMI7,Metacognitive,0
,,upper ankle joint,Word Substitution (WS),,Select Main Ideas,SMI2,Metacognitive,1
,,,,,Control,C8,Behavioral,1
,,,,,Select Main Ideas,SMI4,Metacognitive,1
,,,,,Select Main Ideas,SMI6,Metacognitive,0
,,,,,Select Main Ideas,SMI7,Metacognitive,0
,,finger joint,Word Substitution (WS),,Select Main Ideas,SMI2,Metacognitive,1
,,finger phalanx joints,Specialization (SC),,Select Main Ideas,SMI3,Metacognitive,1
,,,,,Purposeful Thinking,PT1,Metacognitive,0
,,,,,Select Main Ideas,SMI4,Metacognitive,1
,,,,,Select Main Ideas,SMI6,Metacognitive,0
,,,,,Select Main Ideas,SMI7,Metacognitive,0
,,hand joints,Word Substitution (WS),,Select Main Ideas,SMI2,Metacognitive,1
,,,,,Select Main Ideas,SMI4,Metacognitive,1
,,,,,Select Main Ideas,SMI6,Metacognitive,0
,,hand joint,Repeat (RP),,Problem-Solving,PS1,Procedural,1
,,,,changed to image tab,Control,C8,Behavioral,1
,,,,,Select Main Ideas,SMI6,Metacognitive,0
,,wrist joint,Word Substitution (WS),,Select Main Ideas,SMI2,Metacognitive,1
,,,,changed to all tab,Trial and Error,TE3,Procedural,1
,,,,,Select Main Ideas,SMI6,Metacognitive,0
,,,,,Select Main Ideas,SMI8,Metacognitive,0
,,,,,Select Main Ideas,SMI7,Metacognitive,0
,,radio-carpal joint,Word Substitution (WS),,Select Main Ideas,SMI2,Metacognitive,1
,,,,changed to image tab,Control,C8,Behavioral,1
,,,,,Select Main Ideas,SMI4,Metacognitive,0
,,,,,Select Main Ideas,SMI8,Metacognitive,1
,,,,,Select Main Ideas,SMI7,Metacognitive,0
,,,,,Evaluation,E1,Metacognitive,0
,,,,,Evaluation,E2,Metacognitive,0
,,,,,Evaluation,E3,Metacognitive,1
3,User_5,Movable joint prostheses,Initial State (IS),Search from Chrome's address bar,Select Main Ideas,SMI2,Metacognitive,1
,,"""Movable joint"" prostheses",Repeat (RP),,Problem-Solving,PS1,Procedural,1
,,"""Movable joint"" prostheses caractheristics",Specialization (SC),,Purposeful Thinking,PT1,Metacognitive,0
,,,,changed to image tab,Control,C8,Behavioral,0
,,,,,Select Main Ideas,SMI4,Metacognitive,1
,,,,,Select Main Ideas,SMI6,Metacognitive,0
,,,,,Select Main Ideas,SMI7,Metacognitive,1
,,Movable joint prostheses caractheristics,Repeat (RP),,Problem-Solving,PS1,Procedural,1
,,,,,Select Main Ideas,SMI4,Metacognitive,1
,,,,,Select Main Ideas,SMI8,Metacognitive,0
,,,,,Select Main Ideas,SMI6,Metacognitive,0
,,"Features ""prostheses and orthoses"" ""moving joints""",Specialization (SC),,Select Main Ideas,SMI2,Metacognitive,0
,,,,,Purposeful Thinking,PT1,Metacognitive,0
,,,,,Select Main Ideas,SMI4,Metacognitive,0
,,,,,Evaluation,E3,Metacognitive,1
,,,,,Control,C6,Behavioral,1
,,"Features prostheses and orthoses ""moving joints""",Repeat (RP),,Problem-Solving,PS1,Procedural,1
,,Features prostheses and orthoses ,Generalization (GE),,Trial and Error,TE1,Procedural,1
,,,,Evaluated the SERP,Evaluation,E3,Metacognitive,0
,,Technical features of prostheses and orthoses,Specialization (SC),,Purposeful Thinking,PT1,Metacognitive,1
,,,,Evaluated the SERP,Evaluation,E3,Metacognitive,0
,,"""Technical features"" of prostheses and orthoses",Repeat (RP),Opened up a pdf file,Problem-Solving,PS1,Procedural,1
,,,,,Select Main Ideas,SMI4,Metacognitive,1
,,,,,Select Main Ideas,SMI8,Metacognitive,0
,,,,,Select Main Ideas,SMI6,Metacognitive,0
,,,,,Select Main Ideas,SMI7,Metacognitive,0
,,,,,Control,C6,Behavioral,0
,,,,,Trial and Error,TE3,Procedural,1
,,,,,Select Main Ideas,SMI6,Metacognitive,0
,,,,,Control,C6,Behavioral,0
,,,,Opened up a pdf file,Trial and Error,TE3,Procedural,1
,,,,,Select Main Ideas,SMI8,Metacognitive,0
,,,,,Select Main Ideas,SMI6,Metacognitive,0
,,,,,Select Main Ideas,SMI7,Metacognitive,0
,,Prostheses orthoses physical features,Word Substitution (WS),Opened up a pdf file,Purposeful Thinking,PT1,Metacognitive,1
,,,,,Select Main Ideas,SMI4,Metacognitive,1
,,,,,Select Main Ideas,SMI8,Metacognitive,0
,,,,,Select Main Ideas,SMI6,Metacognitive,0
,,,,,Select Main Ideas,SMI7,Metacognitive,0
,,The orthoses classification system,Word Substitution (WS),,Trial and Error,TE1,Procedural,1
,,,,,Select Main Ideas,SMI4,Metacognitive,1
,,,,,Control,C6,Behavioral,1
,,The sco orthoses classification system,Specialization (SC),Opened up a pdf file,Purposeful Thinking,PT1,Metacognitive,1
,,,,,Select Main Ideas,SMI4,Metacognitive,1
,,,,,Control,C6,Behavioral,1
,,,,Opened up a pdf file,Select Main Ideas,SMI4,Metacognitive,1
,,,,,Select Main Ideas,SMI6,Metacognitive,0
,,,,,Select Main Ideas,SMI8,Metacognitive,1
,,,,,Evaluation,E3,Metacognitive,1
,,,,,Evaluation,E1,Metacognitive,0
,,,,,Evaluation,E4,Metacognitive,1
1,User_6,What is weight physics,Initial State (IS),Opened up Google's site,Control,C1,Behavioral,1
,,,,,Control,C2,Behavioral,1
,,,,,Select Main Ideas,SMI2,Metacognitive,1
,,,,,Select Main Ideas,SMI6,Metacognitive,0
,,,,,Select Main Ideas,SMI7,Metacognitive,1
,,,,,Control,C6,Behavioral,1
,,What is mass physics,Word Substitution (WS),Read the concept at Google's box,Purposeful Thinking,PT1,Metacognitive,1
,,,,,Select Main Ideas,SMI2,Metacognitive,1
,,,,,Select Main Ideas,SMI6,Metacognitive,0
,,,,,Select Main Ideas,SMI7,Metacognitive,0
,,,,,Control,C6,Behavioral,1
,,What is density and volume physics,Word Substitution (WS),Read Google's feedback box,Purposeful Thinking,PT1,Metacognitive,1
,,,,,Select Main Ideas,SMI2,Metacognitive,1
,,,,,Select Main Ideas,SMI6,Metacognitive,0
,,,,,Select Main Ideas,SMI7,Metacognitive,1
,,What is volume physics,Generalization (GE),,Purposeful Thinking,PT1,Metacognitive,1
,,,,,Select Main Ideas,SMI6,Metacognitive,0
,,,,,Control,C6,Behavioral,0
,,,,,Trial and Error,TE3,Procedural,1
,,,,,Select Main Ideas,SMI6,Metacognitive,0
,,,,,Select Main Ideas,SMI7,Metacognitive,0
,,,,,Evaluation,E1,Metacognitive,0
,,,,,Evaluation,E2,Metacognitive,0
,,,,,Evaluation,E3,Metacognitive,0
,,,,Sent the written answer later on by Google Chat,Evaluation,E4,Metacognitive,0
2,User_6,human body main bones and muscles,Initial State (IS),Tries to identify the context's domain at the search string,Select Main Ideas,SMI3,Metacognitive,1
,,,,Evaluated the SERP,Evaluation,E3,Metacognitive,0
,,,,,Trial and Error,TE3,Procedural,1
,,,,,Purposeful Thinking,PT3,Metacognitive,0
,,,,,Select Main Ideas,SMI7,Metacognitive,0
,,,,,Evaluation,E2,Metacognitive,0
,,,,,Evaluation,E4,Metacognitive,0
,,,,,Select Main Ideas,SMI5,Metacognitive,1
,,,,,Select Main Ideas,SMI6,Metacognitive,0
,,,,,Select Main Ideas,SMI7,Metacognitive,0
,,,,,Evaluation,E1,Metacognitive,0
,,,,,Evaluation,E2,Metacognitive,0
,,,,,Evaluation,E3,Metacognitive,1
,,,,Sent the written answer later on by Google Chat,Evaluation,E4,Metacognitive,0
3,User_6,Explain the features of movable joints to a prosthetic limb,Initial State (IS),,Select Main Ideas,SMI2,Metacognitive,1
,,,,Evaluated the SERP,Evaluation,E3,Metacognitive,1
,,prosthetic limb and movable joints ,Generalization (GE),,Trial and Error,TE1,Procedural,1
,,,,Evaluated the SERP,Evaluation,E3,Metacognitive,0
,,prosthetic limb joint,Generalization (GE),,Trial and Error,TE1,Procedural,1
,,,,Evaluated the SERP,Evaluation,E3,Metacognitive,0
,,,,link #9 is a ppt file,Trial and Error,TE3,Procedural,1
,,,,,Purposeful Thinking,PT3,Metacognitive,0
,,,,,Evaluation,E3,Metacognitive,0
,,,,,Select Main Ideas,SMI8,Metacognitive,0
,,,,,Select Main Ideas,SMI7,Metacognitive,1
,,,,,Evaluation,E1,Metacognitive,0
,,,,,Evaluation,E2,Metacognitive,0
,,,,,Evaluation,E3,Metacognitive,1
,,,,Sent the written answer later on by Google Chat,Evaluation,E4,Metacognitive,0
1,User_7,weight force physics,Initial State (IS),Opened up Google's site,Control,C1,Behavioral,0
,,,,,Control,C2,Behavioral,1
,,,,,Select Main Ideas,SMI2,Metacognitive,1
,,,,Evaluated the SERP,Evaluation,E3,Metacognitive,1
,,What is weight ,Word Substitution (WS),,Trial and Error,TE1,Procedural,1
,,,,Copied description provided by Google's dictionary box,Select Main Ideas,SMI7,Metacognitive,1
,,mass,New (NW),Reformulated the query on Google's dictionary box,Purposeful Thinking,PT4,Metacognitive,1
,,,,,Select Main Ideas,SMI2,Metacognitive,0
,,,,,Select Main Ideas,SMI4,Metacognitive,1
,,,,Copied description provided by Google's dictionary box,Select Main Ideas,SMI7,Metacognitive,0
,,volume,New (NW),Reformulated the query on Google's dictionary box,Purposeful Thinking,PT4,Metacognitive,1
,,,,,Select Main Ideas,SMI2,Metacognitive,0
,,,,,Select Main Ideas,SMI4,Metacognitive,1
,,,,Copied description provided by Google's dictionary box,Select Main Ideas,SMI7,Metacognitive,0
,,density,New (NW),Reformulated the query on Google's dictionary box,Purposeful Thinking,PT4,Metacognitive,1
,,,,,Select Main Ideas,SMI2,Metacognitive,1
,,what is density,Specialization (SC),,Trial and Error,TE1,Procedural,1
,,,,,Select Main Ideas,SMI6,Metacognitive,0
,,,,,Select Main Ideas,SMI7,Metacognitive,0
,,,,,Evaluation,E1,Metacognitive,0
,,Weight and mass relation,New (NW),,Select Main Ideas,SMI2,Metacognitive,1
,,,,Checked SERP's results,Select Main Ideas,SMI4,Metacognitive,1
,,,,Copied description provided by Google's SERP,Select Main Ideas,SMI7,Metacognitive,0
,,,,,Evaluation,E3,Metacognitive,1
2,User_7,main bones and muscles of the human body,Initial State (IS),Opened up Google's site,Control,C1,Behavioral,0
,,,,,Select Main Ideas,SMI2,Metacognitive,0
,,,,Clicked at a link provided by Google's answer box,Select Main Ideas,SMI4,Metacognitive,1
,,,,,Select Main Ideas,SMI6,Metacognitive,0
,,,,,Select Main Ideas,SMI7,Metacognitive,0
,,,,,Control,C6,Behavioral,1
,,,,Clicked at a link provided by Google's answer box,Select Main Ideas,SMI4,Metacognitive,1
,,,,,Select Main Ideas,SMI6,Metacognitive,0
,,,,,Select Main Ideas,SMI7,Metacognitive,0
,,movable joints examples,New (NW),Entering the terms directly on the address bar,Select Main Ideas,SMI3,Metacognitive,1
,,,,Evaluated the SERP,Evaluation,E3,Metacognitive,1
,,,,,Control,C6,Behavioral,0
,,,,,Trial and Error,TE3,Procedural,1
,,,,,Control,C6,Behavioral,0
,,,,,Trial and Error,TE3,Procedural,1
,,,,,Select Main Ideas,SMI6,Metacognitive,0
,,,,,Select Main Ideas,SMI7,Metacognitive,0
,,,,,Evaluation,E1,Metacognitive,0
,,,,,Evaluation,E4,Metacognitive,0
3,User_7,prosthesis joints,Initial State (IS),,Control,C1,Behavioral,0
,,,,,Select Main Ideas,SMI2,Metacognitive,1
,,,,Evaluated the SERP,Evaluation,E3,Metacognitive,0
,,prosthesis joints functioning,Specialization (SC),,Purposeful Thinking,PT1,Metacognitive,1
,,,,,Trial and Error,TE3,Procedural,1
,,,,,Select Main Ideas,SMI6,Metacognitive,0
,,,,,Select Main Ideas,SMI5,Metacognitive,0
,,,,,Select Main Ideas,SMI6,Metacognitive,0
,,,,,Control,C6,Behavioral,1
,,prosthesis structure,Word Substitution (WS),,Trial and Error,TE1,Procedural,0
,,,,Evaluated the SERP,Evaluation,E3,Metacognitive,0
,,hip prosthesis structure,Specialization (SC),,Purposeful Thinking,PT1,Metacognitive,0
,,,,Evaluated the SERP,Evaluation,E3,Metacognitive,0
,,prosthesis joints functioning,Word Substitution (WS),Opened in a new tab,Trial and Error,TE1,Procedural,1
,,,,,Select Main Ideas,SMI6,Metacognitive,0
,,prosthesis joints features,Word Substitution (WS),Opened in a new tab,Trial and Error,TE1,Procedural,1
,,,,,Select Main Ideas,SMI6,Metacognitive,0
,,prosthetic limb joints features,Word Substitution (WS),Opened up a pdf file,Trial and Error,TE1,Procedural,1
,,,,,Select Main Ideas,SMI6,Metacognitive,0
,,,,,Select Main Ideas,SMI7,Metacognitive,0
,,,,,Evaluation,E1,Metacognitive,0
,,,,,Evaluation,E2,Metacognitive,0
,,,,,Evaluation,E3,Metacognitive,0
,,,,Sent the written answers later on by email,Evaluation,E4,Metacognitive,0
1,User_8,Weight description,Initial State (IS),Opened up Google's site,Control,C1,Behavioral,1
,,,,,Control,C2,Behavioral,1
,,,,,Select Main Ideas,SMI2,Metacognitive,1
,,,,,Select Main Ideas,SMI7,Metacognitive,0
,,,,Checked SERP's results,Select Main Ideas,SMI4,Metacognitive,1
,,,,Copied description provided by Google's SERP,Select Main Ideas,SMI7,Metacognitive,0
,,,,,Evaluation,E2,Metacognitive,1
,,Mass description,Word Substitution (WS),,Select Main Ideas,SMI2,Metacognitive,1
,,,,,Select Main Ideas,SMI6,Metacognitive,0
,,,,,Evaluation,E3,Metacognitive,0
,,,,,Control,C6,Behavioral,0
,,,,,Trial and Error,TE3,Procedural,0
,,,,,Select Main Ideas,SMI6,Metacognitive,0
,,,,,Evaluation,E3,Metacognitive,0
,,,,Checked SERP's results,Select Main Ideas,SMI4,Metacognitive,1
,,,,Copied description provided by Google's SERP,Select Main Ideas,SMI7,Metacognitive,0
,,Volume description,Word Substitution (WS),,Select Main Ideas,SMI2,Metacognitive,0
,,,,,Select Main Ideas,SMI7,Metacognitive,1
,,Density description,Word Substitution (WS),,Select Main Ideas,SMI2,Metacognitive,1
,,,,Checked SERP's results,Select Main Ideas,SMI4,Metacognitive,0
,,,,Copied description provided by Google's SERP,Select Main Ideas,SMI7,Metacognitive,1
,,difference between weight and mass,New (NW),,Select Main Ideas,SMI3,Metacognitive,1
,,,,,Select Main Ideas,SMI6,Metacognitive,0
,,,,,Select Main Ideas,SMI7,Metacognitive,0
,,,,,Evaluation,E4,Metacognitive,0
,,,,,Control,C6,Behavioral,0
,,,,,Evaluation,E1,Metacognitive,0
,,,,,Trial and Error,TE3,Procedural,0
,,,,,Select Main Ideas,SMI7,Metacognitive,0
,,,,,Evaluation,E2,Metacognitive,0
,,,,,Evaluation,E3,Metacognitive,0
,,,,,Evaluation,E4,Metacognitive,0
2,User_8,main bones of the human body,Initial State (IS),,Control,C2,Behavioral,1
,,,,,Select Main Ideas,SMI3,Metacognitive,1
,,,,Evaluated the SERP,Evaluation,E3,Metacognitive,0
,,,,,Trial and Error,TE3,Procedural,1
,,,,,Purposeful Thinking,PT3,Metacognitive,0
,,,,,Select Main Ideas,SMI5,Metacognitive,0
,,,,,Control,C6,Behavioral,1
,,,,Evaluated the SERP,Evaluation,E3,Metacognitive,0
,,,,,Select Main Ideas,SMI4,Metacognitive,1
,,,,,Control,C6,Behavioral,0
,,,,,Trial and Error,TE3,Procedural,1
,,,,,Select Main Ideas,SMI6,Metacognitive,0
,,,,,Select Main Ideas,SMI7,Metacognitive,0
,,,,,Evaluation,E3,Metacognitive,0
,,,,,Evaluation,E4,Metacognitive,0
,,,,,Control,C2,Behavioral,1
,,main muscles of the human body,Word Substitution (WS),,Select Main Ideas,SMI3,Metacognitive,1
,,,,Evaluated the SERP,Evaluation,E3,Metacognitive,0
,,,,,Control,C8,Behavioral,1
,,,,clicked at the link from the image at position 6,Select Main Ideas,SMI4,Metacognitive,1
,,,,,Select Main Ideas,SMI6,Metacognitive,0
,,,,,Control,C6,Behavioral,1
,,,,,Select Main Ideas,SMI4,Metacognitive,1
,,,,,Select Main Ideas,SMI6,Metacognitive,0
,,,,clicked at a YouTube video link provided by the Webpage,Select Main Ideas,SMI5,Metacognitive,1
,,pectoralis major muscle,Word Substitution (WS),used muscle's name provided by the YouTube video,Control,C2,Behavioral,1
,,,,Copied description provided by Google's SERP,Select Main Ideas,SMI7,Metacognitive,0
,,intercostal muscles,Word Substitution (WS),used muscle's name provided by the YouTube video,Control,C2,Behavioral,1
,,,,Copied description provided by Google's SERP,Select Main Ideas,SMI7,Metacognitive,1
,,vast medial,Related (RE),used muscle's name provided by the YouTube video,Control,C2,Behavioral,1
,,,,Copied description provided by Google's SERP,Select Main Ideas,SMI7,Metacognitive,0
,,vast lateral,Word Substitution (WS),used muscle's name provided by the YouTube video,Control,C2,Behavioral,0
,,,,Copied description provided by Google's SERP,Select Main Ideas,SMI7,Metacognitive,0
,,straight thigh,Related (RE),used muscle's name provided by the YouTube video,Control,C2,Behavioral,0
,,,,Copied description provided by Google's SERP,Select Main Ideas,SMI7,Metacognitive,1
,,is patellar tendon a muscle,Related (RE),used name provided by the YouTube video,Control,C2,Behavioral,1
,,What is a tendon,Word Substitution (WS),,Control,C2,Behavioral,1
,,calf muscle,Related (RE),used muscle's name provided by the YouTube video,Control,C2,Behavioral,0
,,sural triceps muscle,Word Substitution (WS),,Select Main Ideas,SMI3,Metacognitive,1
,,,,Copied description provided by Google's SERP,Select Main Ideas,SMI7,Metacognitive,0
,,movable joints,New (NW),,Control,C2,Behavioral,0
,,,,,Select Main Ideas,SMI6,Metacognitive,0
,,,,,Control,C6,Behavioral,1
,,,,,Select Main Ideas,SMI4,Metacognitive,1
,,,,,Select Main Ideas,SMI6,Metacognitive,0
,,,,,Select Main Ideas,SMI7,Metacognitive,0
,,,,,Evaluation,E2,Metacognitive,0
,,,,,Evaluation,E4,Metacognitive,0
,,definition of movable joints of the human body,Specialization (SC),,Select Main Ideas,SMI3,Metacognitive,1
,,,,,Purposeful Thinking,PT1,Metacognitive,0
,,,,,Select Main Ideas,SMI6,Metacognitive,0
,,,,,Select Main Ideas,SMI7,Metacognitive,0
,,what differentiates a movable joint,Word Substitution (WS),,Purposeful Thinking,PT1,Metacognitive,0
,,,,,Select Main Ideas,SMI4,Metacognitive,1
,,,,,Select Main Ideas,SMI6,Metacognitive,0
,,,,,Select Main Ideas,SMI7,Metacognitive,1
,,,,,Evaluation,E4,Metacognitive,0
3,User_8,Prosthetic movable joints,Initial State (IS),,Control,C2,Behavioral,1
,,,,,Select Main Ideas,SMI3,Metacognitive,1
,,,,,Trial and Error,TE3,Procedural,1
,,,,,Purposeful Thinking,PT3,Metacognitive,0
,,,,,Select Main Ideas,SMI8,Metacognitive,1
,,,,,Select Main Ideas,SMI5,Metacognitive,1
,,,,,Control,C6,Behavioral,0
,,Characteristics of a prosthetic limb's movable joints,Specialization (SC),,Purposeful Thinking,PT1,Metacognitive,1
,,,,,Select Main Ideas,SMI2,Metacognitive,1
,,,,,Select Main Ideas,SMI4,Metacognitive,0
,,,,,Select Main Ideas,SMI5,Metacognitive,1
,,,,,Select Main Ideas,SMI6,Metacognitive,0
,,,,,Control,C6,Behavioral,1
,,Prosthetic limb's joints,Generalization (GE),,Trial and Error,TE1,Procedural,0
,,Prosthetic limb's joints differences,Specialization (SC),,Purposeful Thinking,PT1,Metacognitive,0
,,,,,Select Main Ideas,SMI4,Metacognitive,1
,,,,,Select Main Ideas,SMI6,Metacognitive,0
,,,,,Select Main Ideas,SMI7,Metacognitive,1
,,,,,Control,C6,Behavioral,1
,,prosthetic knee joint system,Word Substitution (WS),,Trial and Error,TE1,Procedural,1
,,,,Evaluated the SERP,Evaluation,E3,Metacognitive,0
,,Prosthetic knee joint system features,Specialization (SC),,Purposeful Thinking,PT1,Metacognitive,0
,,,,opened up pdf files,Trial and Error,TE3,Procedural,1
,,,,,Purposeful Thinking,PT3,Metacognitive,0
,,,,,Select Main Ideas,SMI7,Metacognitive,0
,,,,,Evaluation,E1,Metacognitive,0
,,,,,Evaluation,E4,Metacognitive,0
,,Is knee a movable joint,Word Substitution (WS),,Trial and Error,TE1,Procedural,1
,,,,,Evaluation,E2,Metacognitive,0
,,Shoulder prosthetic joint features,Word Substitution (WS),,Trial and Error,TE1,Procedural,1
,,,,opened up pdf file,Select Main Ideas,SMI4,Metacognitive,0
,,,,,Select Main Ideas,SMI8,Metacognitive,0
,,,,,Control,C6,Behavioral,1
,,,,,Trial and Error,TE3,Procedural,1
,,,,,Select Main Ideas,SMI6,Metacognitive,0
,,glenoid joint,Word Substitution (WS),,Trial and Error,TE1,Procedural,1
,,,,,Select Main Ideas,SMI4,Metacognitive,0
,,,,,Control,C6,Behavioral,1
,,is glenoid joint movable,Specialization (SC),,Purposeful Thinking,PT1,Metacognitive,1
,,,,,Select Main Ideas,SMI6,Metacognitive,0
,,shoulder prostheses can be by pressure fitting,Related (RE),used chrome's plug-in to search,Control,C10,Behavioral,1
,,,,,Purposeful Thinking,PT1,Metacognitive,0
,,shoulder prostheses by pressure fitting,Generalization (GE),,Trial and Error,TE1,Procedural,1
,,,,Evaluated the SERP,Evaluation,E3,Metacognitive,0
,,shoulder prostheses joint,Word Substitution (WS),,Trial and Error,TE1,Procedural,0
,,,,,Select Main Ideas,SMI4,Metacognitive,1
,,,,,Evaluation,E3,Metacognitive,0
,,,,,Evaluation,E4,Metacognitive,0
,,humeral head,Related (RE),,Trial and Error,TE1,Procedural,1
,,,,,Control,C6,Behavioral,1
,,total replacement of the shoulder joint,Related (RE),,Purposeful Thinking,PT1,Metacognitive,1
,,,,,Select Main Ideas,SMI6,Metacognitive,0
,,,,,Select Main Ideas,SMI7,Metacognitive,1
,,,,,Evaluation,E4,Metacognitive,0
1,User_9,weight and mass,Initial State (IS),,Control,C1,Behavioral,1
,,,,,Select Main Ideas,SMI2,Metacognitive,1
,,,,,Control,C6,Behavioral,0
,,,,,Trial and Error,TE3,Procedural,1
,,,,,Select Main Ideas,SMI6,Metacognitive,0
,,,,,Select Main Ideas,SMI7,Metacognitive,0
,,volume,New (NW),,Trial and Error,TE1,Procedural,1
,,,,Copied description provided by Google's SERP,Select Main Ideas,SMI7,Metacognitive,1
,,density,New (NW),,Trial and Error,TE1,Procedural,1
,,mathematical definition density,Specialization (SC),,Purposeful Thinking,PT1,Metacognitive,1
,,,,Copied description provided by Google's SERP,Select Main Ideas,SMI7,Metacognitive,0
,,,,,Evaluation,E1,Metacognitive,0
2,User_9,main bones of the human body,Initial State (IS),,Control,C1,Behavioral,0
,,,,,Select Main Ideas,SMI3,Metacognitive,1
,,,,,Select Main Ideas,SMI6,Metacognitive,0
,,,,,Evaluation,E3,Metacognitive,0
,,,,,Evaluation,E4,Metacognitive,0
,,main muscles of the human body,Word Substitution (WS),,Select Main Ideas,SMI2,Metacognitive,0
,,,,Evaluated the SERP,Evaluation,E3,Metacognitive,0
,,diaphragm,Related (RE),,Purposeful Thinking,PT1,Metacognitive,1
,,,,,Evaluation,E1,Metacognitive,0
,,,,,Evaluation,E4,Metacognitive,0
,,breathing muscles,Related (RE),,Select Main Ideas,SMI2,Metacognitive,1
,,,,,Evaluation,E1,Metacognitive,0
,,,,,Control,C6,Behavioral,1
,,main muscles of the human body,Word Substitution (WS),,Select Main Ideas,SMI2,Metacognitive,1
,,,,,Select Main Ideas,SMI6,Metacognitive,0
,,,,,Evaluation,E3,Metacognitive,0
,,,,,Control,C6,Behavioral,1
,,main involuntary muscles of the human body,Specialization (SC),,Purposeful Thinking,PT1,Metacognitive,1
,,,,Evaluated the SERP,Evaluation,E3,Metacognitive,0
,,,,,Evaluation,E1,Metacognitive,0
,,,,,Evaluation,E4,Metacognitive,0
,,joints of the human body,Word Substitution (WS),,Select Main Ideas,SMI2,Metacognitive,0
,,,,,Select Main Ideas,SMI6,Metacognitive,0
,,,,,Control,C6,Behavioral,1
,,movable joints of the human body,Specialization (SC),,Purposeful Thinking,PT1,Metacognitive,1
,,,,,Select Main Ideas,SMI6,Metacognitive,0
,,,,,Select Main Ideas,SMI7,Metacognitive,0
,,,,,Evaluation,E4,Metacognitive,0
3,User_9,prosthetic limb joint,Initial State (IS),,Control,C1,Behavioral,0
,,,,,Select Main Ideas,SMI2,Metacognitive,1
,,,,Evaluated the SERP,Evaluation,E3,Metacognitive,0
,,prosthetic limb joint for leg,Specialization (SC),,Purposeful Thinking,PT1,Metacognitive,0
,,prosthetic limb joint,Return State (RS),Returned to the inicial state by clicking in the back button,Control,C6,Behavioral,1
,,,,,Select Main Ideas,SMI6,Metacognitive,0
,,,,Clicked at an in-site video,Select Main Ideas,SMI5,Metacognitive,0
,,,,,Control,C6,Behavioral,0
,,prosthetic limb joint for lower limb,Specialization (SC),,Purposeful Thinking,PT1,Metacognitive,1
,,,,Evaluated the SERP,Evaluation,E3,Metacognitive,0
,,how does the prosthetic limb joint for lower limb works,Specialization (SC),,Purposeful Thinking,PT1,Metacognitive,1
,,,,Evaluated the SERP,Evaluation,E3,Metacognitive,0
,,,,Opened the website at a new tab while checking the SERP's result,Purposeful Thinking,PT3,Metacognitive,1
,,,,Browsed through the website to know it better,Select Main Ideas,SMI5,Metacognitive,1
,,,,,Evaluation,E1,Metacognitive,0
,,,,,Evaluation,E3,Metacognitive,0
,,,,,Evaluation,E4,Metacognitive,0
,,,,,Control,C6,Behavioral,1
,,,,,Trial and Error,TE3,Procedural,1
,,,,Opened a pdf with hyperlinks,Select Main Ideas,SMI5,Metacognitive,0
,,,,,Select Main Ideas,SMI6,Metacognitive,0
,,,,,Control,C6,Behavioral,1
,,how does the prosthetic limb's mechanical joint works,Word Substitution (WS),Opened a pdf,Purposeful Thinking,PT1,Metacognitive,1
,,,,,Select Main Ideas,SMI6,Metacognitive,0
,,,,,Select Main Ideas,SMI8,Metacognitive,1
,,,,,Evaluation,E4,Metacognitive,0
,,mechanical prostheses,Word Substitution (WS),,Purposeful Thinking,PT1,Metacognitive,1
,,,,,Select Main Ideas,SMI6,Metacognitive,0
,,,,,Select Main Ideas,SMI5,Metacognitive,1
,,,,,Select Main Ideas,SMI8,Metacognitive,0
,,,,,Evaluation,E3,Metacognitive,0
,,,,,Evaluation,E2,Metacognitive,0
,,,,,Evaluation,E4,Metacognitive,0
,,,,,Control,C6,Behavioral,0
,,,,,Control,C8,Behavioral,1
,,,,Evaluated the SERP,Evaluation,E3,Metacognitive,1
,,how does the prosthetic knee limb's mechanical joint works,Word Substitution (WS),Opened a pdf with hyperlinks,Select Main Ideas,SMI2,Metacognitive,1
,,,,,Select Main Ideas,SMI6,Metacognitive,0
,,,,,Select Main Ideas,SMI5,Metacognitive,1
,,,,,Evaluation,E3,Metacognitive,0
,,,,,Evaluation,E2,Metacognitive,0
,,,,,Evaluation,E4,Metacognitive,0
1,User_10,Weight definition,Initial State (IS),,Control,C1,Behavioral,1
,,,,,Select Main Ideas,SMI2,Metacognitive,1
,,,,,Select Main Ideas,SMI6,Metacognitive,1
,,,,,Select Main Ideas,SMI7,Metacognitive,1
,,,,,Control,C6,Behavioral,0
,,,,,Trial and Error,TE3,Procedural,1
,,,,,Select Main Ideas,SMI6,Metacognitive,1
,,,,,Select Main Ideas,SMI7,Metacognitive,0
,,,,,Control,C6,Behavioral,0
,,Mass definition,Word Substitution (WS),,Trial and Error,TE1,Procedural,1
,,,,opened Wikipedia,Select Main Ideas,SMI1,Metacognitive,0
,,,,,Select Main Ideas,SMI6,Metacognitive,0
,,,,,Select Main Ideas,SMI7,Metacognitive,0
,,,,,Control,C6,Behavioral,0
,,Mass definition in physics,Specialization (SC),,Purposeful Thinking,PT1,Metacognitive,1
,,,,,Select Main Ideas,SMI6,Metacognitive,0
,,,,,Select Main Ideas,SMI7,Metacognitive,0
,,,,,Control,C6,Behavioral,0
,,Volume definition,Word Substitution (WS),,Select Main Ideas,SMI3,Metacognitive,1
,,,,opened Wikipedia,Select Main Ideas,SMI1,Metacognitive,1
,,,,,Select Main Ideas,SMI7,Metacognitive,0
,,,,,Control,C6,Behavioral,0
,,Density definition,Word Substitution (WS),,Trial and Error,TE1,Procedural,1
,,,,,Select Main Ideas,SMI6,Metacognitive,0
,,,,,Select Main Ideas,SMI7,Metacognitive,1
,,,,,Evaluation,E1,Metacognitive,0
,,,,,Evaluation,E4,Metacognitive,0
,,Weight formula,New (NW),,Select Main Ideas,SMI2,Metacognitive,1
,,,,,Control,C8,Behavioral,1
,,,,,Select Main Ideas,SMI7,Metacognitive,0
,,Mass formula,Word Substitution (WS),,Trial and Error,TE1,Procedural,1
,,,,,Control,C8,Behavioral,1
,,,,,Select Main Ideas,SMI7,Metacognitive,0
,,Volume formula,Word Substitution (WS),,Trial and Error,TE1,Procedural,1
,,,,,Control,C8,Behavioral,1
,,Volume formula from the most common figures,Specialization (SC),,Purposeful Thinking,PT1,Metacognitive,1
,,,,,Control,C8,Behavioral,1
,,,,,Select Main Ideas,SMI7,Metacognitive,0
,,Density formula,Word Substitution (WS),,Select Main Ideas,SMI3,Metacognitive,1
,,,,,Select Main Ideas,SMI7,Metacognitive,0
,,,,,Control,C2,Behavioral,0
,,Comparison between weight and mass,New (NW),,Purposeful Thinking,PT1,Metacognitive,1
,,,,opened Wikipedia,Select Main Ideas,SMI1,Metacognitive,1
,,,,,Select Main Ideas,SMI6,Metacognitive,0
,,,,,Select Main Ideas,SMI7,Metacognitive,1
,,,,,Control,C6,Behavioral,0
,,,,,Trial and Error,TE3,Procedural,1
,,,,,Select Main Ideas,SMI6,Metacognitive,0
,,,,,Select Main Ideas,SMI7,Metacognitive,1
,,,,,Evaluation,E3,Metacognitive,1
2,User_10,main bones of the human skeleton,Initial State (IS),,Control,C1,Behavioral,1
,,,,,Select Main Ideas,SMI3,Metacognitive,1
,,,,,Select Main Ideas,SMI6,Metacognitive,0
,,,,,Control,C6,Behavioral,0
,,,,,Trial and Error,TE3,Procedural,1
,,,,,Select Main Ideas,SMI6,Metacognitive,0
,,,,,Control,C6,Behavioral,0
,,,,,Trial and Error,TE3,Procedural,1
,,,,,Select Main Ideas,SMI6,Metacognitive,0
,,,,,Control,C6,Behavioral,1
,,,,,Trial and Error,TE3,Procedural,1
,,,,,Select Main Ideas,SMI7,Metacognitive,1
,,,,,Control,C6,Behavioral,1
,,axial skeleton,Word Substitution (WS),,Purposeful Thinking,PT1,Metacognitive,0
,,,,,Control,C8,Behavioral,1
,,,,opened Wikipedia,Select Main Ideas,SMI1,Metacognitive,1
,,,,,Select Main Ideas,SMI6,Metacognitive,0
,,,,,Control,C6,Behavioral,1
,,The axial skeleton is more important than the appendicular skeleton,Specialization (SC),,Purposeful Thinking,PT1,Metacognitive,1
,,,,,Select Main Ideas,SMI6,Metacognitive,0
,,,,,Evaluation,E3,Metacognitive,1
,,,,,Control,C6,Behavioral,0
,,the main muscles of the human body,New (NW),,Select Main Ideas,SMI3,Metacognitive,0
,,,,,Select Main Ideas,SMI8,Metacognitive,0
,,,,,Select Main Ideas,SMI7,Metacognitive,1
,,,,,Control,C6,Behavioral,0
,,movable joints of the human body examples,New (NW),,Purposeful Thinking,PT1,Metacognitive,0
,,,,,Select Main Ideas,SMI6,Metacognitive,0
,,,,,Select Main Ideas,SMI7,Metacognitive,1
,,,,,Control,C6,Behavioral,0
,,,,,Control,C8,Behavioral,1
,,examples of movable joints,Generalization (GE),,Trial and Error,TE1,Procedural,1
,,,,,Control,C8,Behavioral,0
,,,,opened a website through a image link,Trial and Error,TE3,Procedural,1
,,,,,Select Main Ideas,SMI7,Metacognitive,1
,,,,,Evaluation,E4,Metacognitive,0
3,User_10,movable joints of a prosthetic limb,Initial State (IS),,Control,C1,Behavioral,0
,,,,,Select Main Ideas,SMI2,Metacognitive,1
,,movable joints of a prosthesis,Word Substitution (WS),,Trial and Error,TE1,Procedural,1
,,,,,Control,C6,Behavioral,0
,,joints of prosthesis limbs,Word Substitution (WS),,Trial and Error,TE1,Procedural,1
,,,,,Select Main Ideas,SMI6,Metacognitive,0
,,,,,Control,C6,Behavioral,0
,,how a prosthetic limb is built,New (NW),,Purposeful Thinking,PT1,Metacognitive,1
,,,,,Control,C6,Behavioral,0
,,,,Opened a pdf,Trial and Error,TE3,Procedural,1
,,,,,Select Main Ideas,SMI8,Metacognitive,0
,,,,,Select Main Ideas,SMI7,Metacognitive,0
,,,,Opened Google Scholar Website,Control,C4,Behavioral,1
,,Grabowski a.m.; Rifkin J.; Kram R.2010,Related (RE),,Purposeful Thinking,PT1,Metacognitive,0
,,,,,Select Main Ideas,SMI6,Metacognitive,0
,,,,,Select Main Ideas,SMI8,Metacognitive,0
,,,,,Control,C6,Behavioral,0
,,elastic storage and return prosthesis,Related (RE),,Purposeful Thinking,PT1,Metacognitive,0
,,elastic keel,Related (RE),,Purposeful Thinking,PT1,Metacognitive,1
,,elastic keel prosthesis,Specialization (SC),,Purposeful Thinking,PT1,Metacognitive,1
,,,,,Control,C6,Behavioral,0
,,prosthetic monocentric joint,Related (RE),Opened a pdf,Purposeful Thinking,PT1,Metacognitive,1
,,,,,Select Main Ideas,SMI8,Metacognitive,0
,,,,,Control,C6,Behavioral,0
,,elastic axial compression,Related (RE),,Purposeful Thinking,PT1,Metacognitive,1
,,elastic axial compression in prosthesis,Specialization (SC),,Purposeful Thinking,PT1,Metacognitive,1
,,,,,Select Main Ideas,SMI8,Metacognitive,0
,,,,,Select Main Ideas,SMI7,Metacognitive,1
,,,,,Control,C6,Behavioral,0
,,,,,Trial and Error,TE3,Procedural,1
,,,,,Select Main Ideas,SMI7,Metacognitive,1
,,,,,Evaluation,E1,Metacognitive,0
,,,,,Control,C6,Behavioral,0
,,knee joint prosthesis,Word Substitution (WS),,Trial and Error,TE1,Procedural,0
,,a knee joint prosthesis feature,Specialization (SC),,Purposeful Thinking,PT1,Metacognitive,1
,,,,,Select Main Ideas,SMI8,Metacognitive,0
,,,,,Select Main Ideas,SMI7,Metacognitive,1
,,,,,Evaluation,E3,Metacognitive,1
1,User_11,weight,Initial State (IS),,Control,C1,Behavioral,0
,,,,,Select Main Ideas,SMI2,Metacognitive,1
,,,,opened Brasil Escola,Select Main Ideas,SMI1,Metacognitive,1
,,,,,Evaluation,E3,Metacognitive,0
,,,,,Evaluation,E4,Metacognitive,1
,,mass,New (NW),,Trial and Error,TE1,Procedural,1
,,,,,Purposeful Thinking,PT1,Metacognitive,1
,,,,,Select Main Ideas,SMI6,Metacognitive,1
,,,,,Evaluation,E3,Metacognitive,0
,,,,,Evaluation,E4,Metacognitive,0
,,volume,New (NW),,Trial and Error,TE1,Procedural,1
,,,,,Purposeful Thinking,PT1,Metacognitive,1
,,,,opened Wikipedia,Select Main Ideas,SMI1,Metacognitive,1
,,,,,Select Main Ideas,SMI6,Metacognitive,1
,,,,,Evaluation,E3,Metacognitive,0
,,,,,Evaluation,E4,Metacognitive,0
,,density,New (NW),,Trial and Error,TE1,Procedural,1
,,,,,Purposeful Thinking,PT1,Metacognitive,1
,,,,opened Wikipedia,Select Main Ideas,SMI1,Metacognitive,1
,,,,,Control,C6,Behavioral,1
,,,,,Trial and Error,TE3,Procedural,1
,,,,,Select Main Ideas,SMI6,Metacognitive,0
,,,,,Evaluation,E3,Metacognitive,0
,,,,,Evaluation,E4,Metacognitive,1
,,weight and mass,New (NW),,Trial and Error,TE1,Procedural,1
,,,,,Purposeful Thinking,PT1,Metacognitive,1
,,,,,Select Main Ideas,SMI6,Metacognitive,0
,,,,,Evaluation,E3,Metacognitive,1
,,,,,Evaluation,E4,Metacognitive,1
2,User_11,main bones of the human body,Initial State (IS),,Select Main Ideas,SMI3,Metacognitive,1
,,,,,Select Main Ideas,SMI6,Metacognitive,0
,,,,,Evaluation,E3,Metacognitive,0
,,,,,Evaluation,E4,Metacognitive,0
,,important muscles of the human body,Word Substitution (WS),,Select Main Ideas,SMI3,Metacognitive,0
,,,,,Select Main Ideas,SMI7,Metacognitive,0
,,,,,Evaluation,E3,Metacognitive,0
,,,,,Evaluation,E4,Metacognitive,1
,,main joints of the human body,Word Substitution (WS),,Select Main Ideas,SMI3,Metacognitive,1
,,,,,Select Main Ideas,SMI6,Metacognitive,0
,,,,,Evaluation,E3,Metacognitive,1
,,,,,Evaluation,E4,Metacognitive,1
3,User_11,prosthetic limb joint,Initial State (IS),,Control,C1,Behavioral,0
,,,,,Select Main Ideas,SMI2,Metacognitive,0
,,prosthetic limb joint features,Specialization (SC),,Purposeful Thinking,PT1,Metacognitive,1
,,,,,Select Main Ideas,SMI6,Metacognitive,0
,,,,,Evaluation,E4,Metacognitive,0
,,,,,Control,C6,Behavioral,1
,,,,Opened a pdf file,Trial and Error,TE3,Procedural,1
,,,,,Evaluation,E4,Metacognitive,0
,,prosthetic socket,Word Substitution (WS),,Control,C2,Behavioral,1
,,,,,Trial and Error,TE1,Procedural,1
,,prosthetic socket definition,Specialization (SC),Read description provided by Google's SERP,Purposeful Thinking,PT1,Metacognitive,1
,,,,,Evaluation,E2,Metacognitive,0
,,,,,Evaluation,E4,Metacognitive,0
1,User_12,weight,Initial State (IS),,Control,C1,Behavioral,1
,,,,,Select Main Ideas,SMI2,Metacognitive,0
,,mass,New (NW),,Purposeful Thinking,PT3,Metacognitive,1
,,volume,New (NW),,Purposeful Thinking,PT3,Metacognitive,1
,,density,New (NW),,Purposeful Thinking,PT3,Metacognitive,1
,,,,Copied description provided by Google's SERP,Select Main Ideas,SMI7,Metacognitive,1
,,weight Vs mass,New (NW),,Purposeful Thinking,PT1,Metacognitive,1
,,,,,Select Main Ideas,SMI8,Metacognitive,1
,,,,,Select Main Ideas,SMI7,Metacognitive,1
,,,,,Evaluation,E4,Metacognitive,1
,,,,,Control,C6,Behavioral,0
,,volume portuguese,New (NW),,Trial and Error,TE1,Procedural,1
,,,,,Control,C2,Behavioral,1
,,volume,Generalization (GE),,Trial and Error,TE1,Procedural,1
,,,,Copied description provided by Google's SERP,Select Main Ideas,SMI7,Metacognitive,1
2,User_12,what are the main bones and muscles of the human body,Initial State (IS),,Control,C1,Behavioral,0
,,,,,Purposeful Thinking,PT1,Metacognitive,0
,,,,,Control,C8,Behavioral,1
,,,,,Trial and Error,TE3,Procedural,1
,,,,,Purposeful Thinking,PT3,Metacognitive,0
,,,,,Select Main Ideas,SMI7,Metacognitive,1
,,,,,Evaluation,E3,Metacognitive,1
,,what are the joints of the human body,Word Substitution (WS),,Control,C8,Behavioral,0
,,,,opened a website through a image link,Trial and Error,TE3,Procedural,1
,,,,,Select Main Ideas,SMI6,Metacognitive,0
,,,,,Select Main Ideas,SMI7,Metacognitive,1
3,User_12,what are the joints of a prosthesis,Initial State (IS),,Control,C8,Behavioral,1
,,,,opened a website through a image link,Select Main Ideas,SMI2,Metacognitive,1
,,,,,Select Main Ideas,SMI6,Metacognitive,1
,,,,,Select Main Ideas,SMI7,Metacognitive,1
,,,,,Evaluation,E3,Metacognitive,1
,,,,,Control,C8,Behavioral,0
,,what are the joints of a finger prosthesis,Specialization (SC),,Purposeful Thinking,PT1,Metacognitive,1
,,,,shift to the all tab,Control,C9,Behavioral,1
,,,,,Select Main Ideas,SMI6,Metacognitive,0
,,,,,Control,C6,Behavioral,1
,,,,opened a pdf file,Trial and Error,TE3,Procedural,1
,,,,,Select Main Ideas,SMI8,Metacognitive,1
,,,,,Select Main Ideas,SMI6,Metacognitive,1
,,,,,Select Main Ideas,SMI7,Metacognitive,1